0,https://cr2.shopping.naver.com/adcr.nhn?x=6MM2ChCQQCuK%2FRxvTDrNdP%2F%2F%2Fw%3D%3DsvZleDKses0BNvtvletC0KbGqlASKIEPP5mu2cKC0qLPh6Mn8kVobTkx1x%2BAgtqPIHznJf19t9qtQN1gB7qv6dzPJfokYKqn0mLXR%2BYCc%2FPsjWzKOrpsibWy8jzf6cWcfP14fN9k0fh%2BDC9UTx4i7qiQ6yRPz0Bok6MuLLO%2Fx%2FZDidOPZJ3j6ojB0VyK1LfGOXw7fs1DySsN9waknWffCCyn5L%2BZvsS5MC10waQo9XYCpei8o85zv7B9D37qqN1%2B%2BfOJL93eaXr53ufr%2FnRJ7cwX4Y2199gcDtbO7VfdoT6W%2BfKCH%2FqKLygXLWtHoe7%2Bws6PC1QUjK9%2Fdmbvd5rAOLV%2F6EvpWal94cPBR1usu%2FeijPkg4GUTMkuSRoKDI%2Fufx87jaMVgx6Cssm%2FJLtsbGaEMORB9CPJqmiF7gQlSg%2Bq0P1pF6G%2F1ZsDNWZnavkgUaCCcMtUiQR%2B31HrzTcbj3nfJlxHsVv3OjZRZH3NbKgUsGvZxfr0QIDRXzlr6%2Bdh7gluvhfxEIhDBF5Ya06C20QY6bISKp2YhSbr46By47MJZOkvh8VgoiOsArz%2FHw4wGvvBIj51oVnh6XFtIHhM%2BTnONc%2FH1PsKPq2l60bxKPjBGitDjAO5pR%2BItsyTi88qRjt9sSmW37OfbiQ5Um71mFquFy%2BXHRYNUjFF3CAXMsHNw%3D&nv_mid=82340559738&cat_id=50000807
1,https://cr2.shopping.naver.com/adcr.nhn?x=cqHlsasS0gGy6CU7MEd%2Bfv%2F%2F%2Fw%3D%3DsUtfLuA9VsrVkCVpT2UwS3Rg0b7GT2fovMT9aHIad%2B90zB8f1BK5EplVPTb9jaQRK8N2EHM3ckX5ZuahyrE97PcLBoHR87kuveiCCVhKt%2FWlkDU8SZA%2FQlIRztlGE0g30t8GwiNr2u50NfBoE4uPPBmjqzAI07v9t28ej8vJLVXklALG8q5tpgOLX9bkVIsXt8wqsSK64ztqY0hAijI9U2H%2BnkuUurV6qaKA4VzUpX4CGJRQHX9ThbHrbD0wiAZwLlr2MJibGuG71Ivr98%2FRFYS3cDQosRlq2vuVtmOyZFREYyd0YMW362vOCWH19OIVSFoN5ihrsuiWdxvRuiUZ90F%2F6EvpWal94cPBR1usu%2FejmK0cfWIoXq85WWBA7BWg%2F87jaMVgx6Cssm%2FJLtsbGaGCXrSfOBT1kSCoSy7xDY7qMul35NQz4URkkiJX2R93C06X7qdkSt1IqOr0%2B%2BSlJapd8KAfeNm3uB%2BJz3rEeIcEWHSsZvj2FX08yAcwe%2BNBwkF%2Bp2LnIY3R%2Bf3zcC%2BLHVhQYWdFwoYUtEZ4tpWKi3q5qkhcW3nz0kGDB5b0dDaoEkbUAZSETNUxZsR68RnPUd77e9Yq5L0dPisf9%2B%2B1uDw%2F8eRnVy6VvWHUD73f3D%2Fi6y0GQWx%2FbEuVys8tW7uYg345DQKi%2BNmjCIWeV8ZYQzdHhcvlx0WDVIxRdwgFzLBzc&nv_mid=82346067872&cat_id=50000807
2,https://cr2.shopping.naver.com/adcr.nhn?x=zC6G0CaNC8OPLIvMjTaNoP%2F%2F%2Fw%3D%3DsXkyxQ0J2Lc64U1mXtFzczMewLpuTaAJ9ZnakvtUPcMrq26XBWEhheVDd2vrjO%2BKcBUgGNVw3o4hWe57YiO3zyzPJfokYKqn0mLXR%2BYCc%2FPsjWzKOrpsibWy8jzf6cWcfP14fN9k0fh%2BDC9UTx4i7qiQ6yRPz0Bok6MuLLO%2Fx%2FZCwxFxgJ8OHY21hkdyj1ADQXpVY81iop3CrQnqN3h%2B0eCn5L%2BZvsS5MC10waQo9XYCpei8o85zv7B9D37qqN1%2B%2BfOJL93eaXr53ufr%2FnRJ7cwX4Y2199gcDtbO7VfdoT6W6WENH4QKa6LVro29G6RiUFoN5ihrsuiWdxvRuiUZ90F%2F6EvpWal94cPBR1usu%2FehJskAthNaQMboOUcQ3Uf0%2B87jaMVgx6Cssm%2FJLtsbGaGCXrSfOBT1kSCoSy7xDY7qhwARWfSBAZptsVZyu12fXsgHPkcecoDA9b2oV0H4z8eLGjiJu04SdMAbfN%2FXmJTrWHcsIGbuYWJJJPRdhhiqRfnIVgzTdpZTl5vMXrwuctB6p8N19TlKndV3GAY2Sbg%2Bfxg1pgpn%2FThW8Sy068Pn%2BoqruTFD4agRymZi5iu2byyqoHtlPm3MiVCqMkynhpPdBpSrY%2B7EIXGc7rp%2FA%2FAQQ4KELasGIt09CbPiTflDW1JKqCJdxHcQKyMfWl%2BsQNi43X5JHRxB17kdSSeS1uCOn&nv_mid=82342689831&cat_id=50000807
3,https://cr2.shopping.naver.com/adcr.nhn?x=%2F2exuTeAerpUxyERTe3mJ%2F%2F%2F%2Fw%3D%3Dsr2QIaY60YShWEg%2BGqwCwaqerJiOkQKhlbOw5l%2Ff6o9n%2B3jYfZD3Lw0VxIQfMoYWggBWuXLaU0%2BvWubVu6O5%2B1JBGtKo4Y80WNttGX7TdnE1qmBHGTwD6ADh3v7jJOxr9obm40a3AfVHNV15D72g8jm26YI%2FkcEfVeLDnwysTo3PJkV4JoHhlTBZfBkqYolJ2aGZbpTfmLkoev3ESZioC89WN%2FchhV1d04LIGrXJUbzg427ngu9Ku5Ti5fmyIKbcNfm5IA8mkaCGulhqR4WtRHgqriCN0ISFptWl2t2rZh7DhuWdbRJo%2FUjyYwDbPRCEJDctcLauCvfJ0XHWAHtl7gpEDNL%2BnvgScS0unrChWWQNBtl8Xkt2iXyNdsb7JZKmQ1AM9JQ5dua4YeY%2FUwi0UWJfM%2BLyRRlJdFFSAEbl7VINcqXS9avndPUYnqryNldl4dZ1JEFukJ3S%2FabxYIWq2c%2BEjaKccfbI3wydJxObGakMOmARYviYPKewu3LSQYqtTfjE5vQNO8A45Ta4OOx6MySu159imovl9l0plmv%2BntRwCctt%2BAGUkovtHKCtisCR%2FDjybTQZAtf2Uo8VL0Z8NopfI5LMappmBS2XZW2NcGfT27j65RObheVt2nwZiJta3GX73Qz8RV4MD5mk2MPvNSqB%2BisJatR0PX94v%2FyVKXXff38KJoGMQ9bmu4hb95aokfCwb8BdoV0srtybkLR3HJA%3D%3D&nv_mid=82340932941&cat_id=50000807
4,https://cr2.shopping.naver.com/adcr.nhn?x=wVzhlOkmEgIH6zC6m7Inhv%2F%2F%2Fw%3D%3DsbZcFiDxpSzqonTaC5y18seeMWybk3V9MaWACxvyOxbB9m741vYIHdP0KEHiW0F4IndRWQ%2FYPmbHTjWCkYLiOnTWujFGOWTA83deORn3JHcBoxNIFQGRaD16lHExvaZPl9DkSdMMHZTed4yrJke9hsF5BWcvuZaOzglhOCDGahMvqAyodKY3jziCgBITmOzTBKMlmHpXEBqmrXflt0BYc7eFJNQgc8%2Br1kjs7PUqKA5llcn%2BHxHiMKYtViUf%2Bf6UX%2BNW9U730MjWu4XIlvq9yYWWYkHDWI15lHgDJLrSaQu3sWCYyu1UCgQ7ZjiicO%2BITZQuWFP0X1ddTA0BbAWQ5N3MGUelY0TTx7TgKTNQ%2FbMYr11%2BpaSDU2McTEza4rM2fHH%2FrbNtidQBfFbOfs%2BgPo%2F6GWZDCjR3MJfBdYBsqXXaJ4sEnSVEe7mtiuPp0Pml4YB8mu1vz0UaiH5xg8mufvNJi0HugeUh9RJlEq7W5Cv3EWnTJ%2FGak50UjCaDnXBD31GJgjsDmSOdLHO0YjqZ821Hvl%2Bu4rZh89Z1dqlQYa55V02rLPz1fYgKS5N%2FUms82cUvFLBVAhAuNM%2Fwh3NCaxJEJ0lCMkoA%2BNEhE9R7s24x%2FEpluDr7xK9%2F0ClW5erYXqbD7ouYl2E62JAOtA1n0tNHTch9qoRejQJvtkeadtySXpOUXQZVQN%2BKCV1WhCxrM&nv_mid=82350636761&cat_id=50000807
5,https://cr2.shopping.naver.com/adcr.nhn?x=VrgWpCPeSZOVwm4aLFIec%2F%2F%2F%2Fw%3D%3Ds%2B4K%2FZe%2F0ZF60aDVmpexNxiiJzi2iPPeuyrp0tU%2Fucsz15e14KLvoQZ%2FYb4I8fkyR4aDMIoruKEDgKq5stxbwg4ui25k%2BvYxvXbQHprTEoKaGhee%2BELRp%2BHGrrI53ezlsW2jKVTpX%2B0B5J0g56Anp8IFGzCor7ZkwnY%2FyNXpc1NnhJPEhSSKA9M3cmVVd%2BEMFn%2B66Xkr5n%2Bkj58%2B62VWfbszkB8UHJ5dZ4ts%2F7kKgMaRjOcsEzW75A1KuNN29x65jr9UKO3zNyf3v1YZ4%2BSY0Hj70eUtzBzAvuV%2FSEH06pBrylTzVXz0uoBDN4zHm1yPT%2Fl1fdGsxTlV50H%2FL9g%2FaKjzJVpeGMb5fPVWT34jhbyfngALaQPohskD%2FFa58WMTEVDfqsq0hjjJ8bYzSf2ZM7tuvXK2FfZJ%2BCH7ZW8a5rvUEgX8PgfGNiOqrvuE36r0bibVfbdIjdqEDjhvWwn5Ld0ugE9uTcD3eWrwBCLmjSY8bVE9kfVKDJ78ZRKnCEPrHbOWU4rZl2bKcKQnCU7XcXdM5FG8HjMUQ3%2FAv7fBQhmEoPZzUJatIVeFu3sewGPy1AD4ARnKnFpYv7S1eATBgwJgKvjwKvqPT2%2BVVHKcz2GXOgsPoNMZwYw8bUkL03hY9qXm0iN502yvZ77wcx9l0p%2FUltNViaZKgOUDtJ%2Bo7CLE%3D&nv_mid=82358885531&cat_id=50000807
6,https://cr2.shopping.naver.com/adcr.nhn?x=n91NQWrGp5bUDN%2FZmHN4pf%2F%2F%2Fw%3D%3DsnmbNoelj4LXDP5CMqtuyC4vZtXq22XlSvhVpMC5RaOViTikapR6tS6BB0%2FTzHQxlfQbvl68l9v5VSOUb%2FtkMvjPJfokYKqn0mLXR%2BYCc%2FPsjWzKOrpsibWy8jzf6cWcfP14fN9k0fh%2BDC9UTx4i7qiQ6yRPz0Bok6MuLLO%2Fx%2FZCujUpbaIVAO42Y3DBoOjdYbEon4G%2BYaT0JIPdD7s0PYin5L%2BZvsS5MC10waQo9XYCpei8o85zv7B9D37qqN1%2B%2BfOJL93eaXr53ufr%2FnRJ7cwX4Y2199gcDtbO7VfdoT6UrzlUclmxZdOECASSJp3I3ckmoS%2FHHSguC86iXlGOI7F%2F6EvpWal94cPBR1usu%2Feh1sUg0bbx0MfuFFVVV2cLm87jaMVgx6Cssm%2FJLtsbGaBXT7GHyMgCO9sigmmmX7pUup7FiEt%2BATN09KI6haRCYehXPJ5YU8zEJRmjnEaUwr9a4bvybux%2BLp47v6kesYPJIeijnjGotlGIp3eXggLz%2FzfKq%2FlUg%2FCnGQ5QBpRe48H%2BFCV3hVQvC9pKRLAgJ0Zk5C0AQ1RLEUYj6RRycHHu%2BHpri8OVAb2rqHxDXzknKfqkVqYu2DzpsLGOcg3Dbcve1ISbtGZ2NNZWjR8S2B1qS7FzKr5x5ijr1O0h%2FOk6gmU52X12hNRnOibhs46efHfCzxp94G9yKsuFUM0%2BdOwOt&nv_mid=82231030072&cat_id=50000807
7,https://cr2.shopping.naver.com/adcr.nhn?x=aJh%2Brp1YpSpIfT4yZ1kuO%2F%2F%2F%2Fw%3D%3DsL5kuz9eqoNC0P8KYDQzrgtGMvRKZdNeAsPM4SAglmSKtekmR5pIw%2B0D433xlxvXNoCMjcemFU3a1thAKH%2BTiazPJfokYKqn0mLXR%2BYCc%2FPsjWzKOrpsibWy8jzf6cWcfP14fN9k0fh%2BDC9UTx4i7qiQ6yRPz0Bok6MuLLO%2Fx%2FZAg63c%2FU3YtUtifxmSshfeSpp5RaoPIlInP%2Bkd9gVfGRin5L%2BZvsS5MC10waQo9XYCpei8o85zv7B9D37qqN1%2B%2BfOJL93eaXr53ufr%2FnRJ7cwX4Y2199gcDtbO7VfdoT6VmHXLPQzjFV1J5zLA2B5vymgBRDX3%2F9YxiDz0iLKwOZpEDNL%2BnvgScS0unrChWWQPNZ1HkgIuvXRJCqTtAk2O6XkoV9GQDqHe5lqdyVNRR0GhLMs03NEVldmRPKydT94B%2FgY1pwFb47ex3TA3rGG6OQ5VkoNx35mCOMh%2Fqpo8T64f7bzvdkZ77HQGIhnArp8ObTx%2BXKTRXRPS9BqZ3yUIU5IzVTG3z4zs8kmeETuEC9TdqIvio3XZa6fnO8fDHswsh4SqB9xsxCSOoyG0kLJQhpkrcFZ6GKJfiXmHew1alnm0zXbEPqiL6QvF4FOVqQv3%2Bo9v68MrxryVUR%2FFqfPI9CWYOHK2cA%2Bmk%2BnOTVDFrMvlwkamLap0PpDQ9l%2BIiDVzHLuhXRh1%2FnLW8FxbgQ8GT&nv_mid=82071863573&cat_id=50000807
8,https://cr2.shopping.naver.com/adcr.nhn?x=g29eKPxwGT24hrCJ4EWUtP%2F%2F%2Fw%3D%3DszLnJjKXjbxGTE8U0LTg%2FbfPxh2xi0KWN0RzDuXPPLbwaCP7ZYcbAjglV1aXBY696sBb%2BoAb2JgtidLNc8%2ByKxTWujFGOWTA83deORn3JHcBoxNIFQGRaD16lHExvaZPl9DkSdMMHZTed4yrJke9hsF5BWcvuZaOzglhOCDGahMv2J9hP%2FVISLx9nhOh09gSzLNYmoj0DRb7q6G3zPlBVduFJNQgc8%2Br1kjs7PUqKA5llcn%2BHxHiMKYtViUf%2Bf6UX%2BNW9U730MjWu4XIlvq9yYWWYkHDWI15lHgDJLrSaQu217LhFzdTLYa5qv7xeVOMESnYT24XDxgbtXF8uvj5sMAeGzu05vshy3fntmIljNNVTiF6yJLAhZ4iD5J2tnFPjRd4DFF%2F3Pw3kWvsusi47SxPUIZWQrQmAQ8%2Ftvk%2BTtmOZ%2F8aIZnMG0QpTywi%2BlGBq7NKwU8YlvHXMI3iD9Q70Yga8v0Y7K0tBwigGH3F71Yr88Fyc%2BESAJ5r10jUDD%2FM304GJb6VbjEZUCs4F2IXxGQNBswgXj%2BnR7AEQ%2BM79wWRkm66aJoePpIyG8ajQdEp3im4vgs1XdaQtYbAZ3ygZIkeJSVmH3YHfjmaU00p436mcotypgISk6%2B%2FA%2BaPtLlL7Oo0jdEKElR4cjvelg%2BJQy86A1ksHYO%2FRpboKJ1xNg911Cmg2cVVe9X24pfcI4so7&nv_mid=82358666582&cat_id=50000807
9,https://cr2.shopping.naver.com/adcr.nhn?x=UzaYpoqypESP3uZpjuqKKf%2F%2F%2Fw%3D%3DspY5uUtOUnGhJ2dSgkBEgEmRqmusSqFj83rq3CxLv%2Bst7TRtfCpYjPb1%2BymPj6PC4txdh9FgABYRECZJe7Rba8jPJfokYKqn0mLXR%2BYCc%2FPsjWzKOrpsibWy8jzf6cWcfP14fN9k0fh%2BDC9UTx4i7qiQ6yRPz0Bok6MuLLO%2Fx%2FZBOfUb2Dqxq6HmFgTOVvuyDzKT3KJLHb49sN%2BTULtOEJin5L%2BZvsS5MC10waQo9XYCpei8o85zv7B9D37qqN1%2B%2BfOJL93eaXr53ufr%2FnRJ7cwX4Y2199gcDtbO7VfdoT6UfzGuKBgIRH3f3PHFrGIpkSHBf7NFge3Ic7oxcbO4Oxl%2F6EvpWal94cPBR1usu%2FegHV0enAOR7SEUEC3EPhklF87jaMVgx6Cssm%2FJLtsbGaK2TwS7QxTHh7aPlPQ2x53Nqetf9XwwbDZHWaLgMqOQlAdImM%2F%2Big32dTpBmxv6pyWQMFnsBW92CwHuw%2FqM5GN6QP02wffDgitdSy2QDeOxrNXu0yRbLmyBpaKUPoKT8Aol020CCZISsRLptOOCrLINAZR1JaAxpquhgdzMkMGl69FtpuMhr1VVw1g95ElVx%2BkCeoeA6aRdcgKw%2Bc2P1n%2FHwmWUQVjrKLNRTH0SowMu%2BSKF28GXOTWk08%2F%2Fv0557FlWdFDQc52wtzujgc6ujmISbVktbD4XnHxYf4ABq9Bam&nv_mid=82335409661&cat_id=50000807
10,https://cr2.shopping.naver.com/adcr.nhn?x=RSEUctG%2Bq%2F3cjt0nasF2vv%2F%2F%2Fw%3D%3DsGrSJztjZ%2FuxrYUmKe%2FFnFXcP%2BruWFZcBYzoCuSyN8m4TNkqekPMJ9q%2BzpTK1tx3oHUZnqpxYZZ03jGGHDixm08LBoHR87kuveiCCVhKt%2FWlkDU8SZA%2FQlIRztlGE0g30t8GwiNr2u50NfBoE4uPPBmjqzAI07v9t28ej8vJLVXkPSB5Hjsdyh89%2BC3vVUMDkwVbhJIJBLG6hVIMDJOTS7n%2BnkuUurV6qaKA4VzUpX4CGJRQHX9ThbHrbD0wiAZwLlr2MJibGuG71Ivr98%2FRFYS3cDQosRlq2vuVtmOyZFREEPFHK17gtaO1xCehILIe%2FaTvSTRKMwylQLBus3ju1JQeGzu05vshy3fntmIljNNXvORwi%2FhY73cH%2Fa5g4AjGDRd4DFF%2F3Pw3kWvsusi47S9VENVTb4G3kugJCMiY6E9cwTFDR5nGBXNHLtBiP43WOKXI2kGPEftOCYoUzAWo1d5DAFEY%2BqW1sOUJNzNuyJI%2BGPv2KiwHorDmlfYLCMQ3NTOY1PBMh%2Fjd8IpUaHgmjdkV3oljIWFTfoPDk%2BpJeLXcHghhOWocCaTJMt%2BdgPrgyKlyub6PBuVQde8OSj60xxW%2BDIaaojxuT5Pc8DOWPBm7HFQqn2JsBDINTiui8TV6x2ITVTPjXXnNYcbYGAWdx0iK0xIGX8hm%2FutANAC0EjUdenxFTYB%2BIC9JqbmKwjMq6&nv_mid=82354932920&cat_id=50000807
11,https://cr2.shopping.naver.com/adcr.nhn?x=JaYjDODu89YNM9EI5NDi7f%2F%2F%2Fw%3D%3DsZCq3Ecm4IPOXbl0I8%2Budl37LIp1qKVeAXYn%2BQgb0sbHJd1ZN6KpZyf7qXLU45c1wZFeE82aCgq9ExfkouYFRWTWujFGOWTA83deORn3JHcBoxNIFQGRaD16lHExvaZPl9DkSdMMHZTed4yrJke9hsF5BWcvuZaOzglhOCDGahMtrqSuUNJcqx4XWB%2FN9WZxP3u0ZkIEfvYNLYjEynmIdTuFJNQgc8%2Br1kjs7PUqKA5llcn%2BHxHiMKYtViUf%2Bf6UX%2BNW9U730MjWu4XIlvq9yYWWYkHDWI15lHgDJLrSaQu1EOso7W3HnIUVK8LnEhF5juY2ZOIGXug2DnqizX2hXrnMGUelY0TTx7TgKTNQ%2FbMYpUgOeetVnOYj1SvzZoD3FPlxQH7UaL%2FuXfhLuJbvFaR3h9aC0tSYRisolnAzpcYEeQjt2zjoqbi%2BwZQoTMs0atF5V4nWXovFYk9O8RCQD253TBPtHFuZaBGg09FjsftZ%2BMTm9A07wDjlNrg47HozJoNOOkrYu%2FPSNIBvYZhLDCAJy234AZSSi%2B0coK2KwJH%2BDwaX9BpegYtJbeVLuxpk9r7vxmfKKC69WhbN%2F%2F4PkK%2BR1tzolzDtoqBX%2B7tc0%2FQJ49uJ0Zb6kAwwiJe8yPrMl4KELasGIt09CbPiTflDW1JKqCJdxHcQKyMfWl%2BsQNi43X5JHRxB17kdSSeS1uCOn&nv_mid=82357861999&cat_id=50000807
12,https://cr2.shopping.naver.com/adcr.nhn?x=B1b9%2BVPRc4k6lLBhpMDxlv%2F%2F%2Fw%3D%3DsFPYs4o7zVS1aEPwxHBHYT%2BsqGclDOgra3w0sMusYxrTuQeiTNCI4XU5QwWIgliOuZTNXo28gU2FfTqEFHvP1l8LBoHR87kuveiCCVhKt%2FWlkDU8SZA%2FQlIRztlGE0g30t8GwiNr2u50NfBoE4uPPBmjqzAI07v9t28ej8vJLVXk88QESvMuD%2FUInQXHE6JjKTugwgNwtDl%2BexCB2z7NoWn%2BnkuUurV6qaKA4VzUpX4CGJRQHX9ThbHrbD0wiAZwLlr2MJibGuG71Ivr98%2FRFYS3cDQosRlq2vuVtmOyZFRHRKHslg0TMIaYkSPPF%2FlqD6X9%2BY%2Fd9HvoK%2FwkOXh8dZ%2FZkEc53ni6dqKaJA883Pd74MUedmbK5vL6DQs4XFkGBJcWYwWeh%2FEgMxnDNgw5rFWnEBgUcG0lhDjGRc0bp48RyH3KqzbAIVROOjNLel8Avcx6F5F7%2FwPTRkwc%2F9uHCXIXQLpRtWZa810Ei6OXdrC5qBhasSckPyfY5%2BdL3oxSFQespqRI15RYUJTV9w0R06r9Xf%2BSEiug2NJUKo%2FNJ3KbwTPk26P7olZJQQ66CgYWE1gTbjWZe8odcI%2FY5K8yl8uZlwoh4Mx2Nvdju9qmm%2FOZH0Oc2V%2F1XGjD10D%2FwJ442pLiPA6q%2FaN0otIepFKcLBLDKmB16TQFyRpCCWlS1Jrc%3D&nv_mid=82340476747&cat_id=50000807
13,https://cr2.shopping.naver.com/adcr.nhn?x=nBWumpG8ayfZ1VWbvJ%2FNsf%2F%2F%2Fw%3D%3DsLYs%2FmXlwQ%2BEzMNcbojlSrwyqvjWojt7pYT6ZOJkq2GAodVRqgl5BVo83DZCmk3axpwRCW1ZNmcYJ%2Bnwluma6EJBGtKo4Y80WNttGX7TdnE1qmBHGTwD6ADh3v7jJOxr9obm40a3AfVHNV15D72g8jm26YI%2FkcEfVeLDnwysTo3PJkV4JoHhlTBZfBkqYolJ2zUhUXH7pACTgYqE9hVmPXtWN%2FchhV1d04LIGrXJUbzg427ngu9Ku5Ti5fmyIKbcNfm5IA8mkaCGulhqR4WtRHgqriCN0ISFptWl2t2rZh7Daeb%2FmfVZN9T6ifxhAPuGuaprBUhvkR5rRNBi4EtgIZF%2F6EvpWal94cPBR1usu%2FehER1tKF4QUwewcJ4C1mgyh87jaMVgx6Cssm%2FJLtsbGaCtkyts78H6amULrDmLbgAnBYoPNsghfu1tLlJXpbpeB6X%2BD8Yfe0%2F%2BTXKEu4HE8kdVu0PZfTn%2FT6mb3ZJmXhMkqcsUw7kcaW3OkfuAPlf7yfjE5vQNO8A45Ta4OOx6MyT2syY5qU8LfkR2f3tGR9%2BgCctt%2BAGUkovtHKCtisCR%2F8d6ZM2yO8GBLJEb2niMSuabOW9g%2FiXTW%2BaxPlp8Msi9riiZhNvRVwohC3O8Q2d5ZQYykn3FK92DGTIagllnU%2FJrhhamSqt6Qf8TSrfWC8cqLTwzHWbqY%2BhVO8Nb0FWyrN1%2BSR0cQde5HUknktbgjpw%3D%3D&nv_mid=82337991025&cat_id=50000807
14,https://cr2.shopping.naver.com/adcr.nhn?x=SmuJ7ERBkBsdMWBIy4Vz0f%2F%2F%2Fw%3D%3DsdICtFy%2FkXzyywBCnLzEpWqB6m5bEEtyw6QqReFuK4iAmzJ1N%2BuKWarBfSMnmoXOMpbM2WxfuOf0%2BE8CO55r4oTWujFGOWTA83deORn3JHcBoxNIFQGRaD16lHExvaZPl9DkSdMMHZTed4yrJke9hsF5BWcvuZaOzglhOCDGahMtkvoNAtTSBOxCPK%2BDdauA3hedjE8lUOIv2g9rWD%2BbP1OFJNQgc8%2Br1kjs7PUqKA5llcn%2BHxHiMKYtViUf%2Bf6UX%2BNW9U730MjWu4XIlvq9yYWWYkHDWI15lHgDJLrSaQu3HqfAhRLsNHK%2FeryK9Npt8PZZH3lcf8AhRRuTV9A1blXMGUelY0TTx7TgKTNQ%2FbMZpMyWdQR9A3HWlHxdSHmNVPlxQH7UaL%2FuXfhLuJbvFaZHUbLQb3gY2BH6FycNMOGqqak6MIQlqya3WWWRB5W2RfpCewjuBUMH%2FJ7vadGyOWbqGSK9dZt%2B1vli3Nm7LxkR%2BMTm9A07wDjlNrg47HozJLGRe5UCLztuqBFviQk0vxQJy234AZSSi%2B0coK2KwJH%2Fx3pkzbI7wYEskRvaeIxK5ps5b2D%2BJdNb5rE%2BWnwyyL16Up%2BhpUoMB84bHXA4s5jEhVa8dUOS7laTWNDcNvqmfmuGFqZKq3pB%2FxNKt9YLxyotPDMdZupj6FU7w1vQVbKs3X5JHRxB17kdSSeS1uCOn&nv_mid=82374208980&cat_id=50000807
15,https://cr2.shopping.naver.com/adcr.nhn?x=3ZcYltOch4DMAeGgvNKIX%2F%2F%2F%2Fw%3D%3DsvqdHumgIDsbUItf07xVnL3qce7xL8G%2F1uEut6BvK2pX32Y7nLU5BoSG9QccctiXxKnQhrXqhL%2Fg1i5d1%2FYDf8DWujFGOWTA83deORn3JHcBoxNIFQGRaD16lHExvaZPl9DkSdMMHZTed4yrJke9hsF5BWcvuZaOzglhOCDGahMvDVWw7DEHdJol2Nwm6J0OXwZQsxFJ35iwOoY8kDMsXE%2BFJNQgc8%2Br1kjs7PUqKA5llcn%2BHxHiMKYtViUf%2Bf6UX%2BNW9U730MjWu4XIlvq9yYWWYkHDWI15lHgDJLrSaQu2qyQtWVABkq4cf7jWuove1PZZH3lcf8AhRRuTV9A1blXMGUelY0TTx7TgKTNQ%2FbMZ4Iybu8oFVKQVusqTvYqVLPlxQH7UaL%2FuXfhLuJbvFaZHUbLQb3gY2BH6FycNMOGp5TsBArpmJuVNUED0Yz3TZmjRH9Xi1CV8LXGVgN3abNs0oeT4u9jRFZWB9KkNZYlJCSrgHGA2U%2BO4uaiAgAe1wibnvcRZ6RTOBLz2pBtFL2fHXsL8h3n%2FicAF1MlMSgs1gyPEzQK5E%2Fhe6lJ05a6XA1j%2FLqTzLQtgdvv7v88nyIY8ppVDesrFN6vqLbVUtoiZHhjAkdvc%2BhqgRSfND0CRpNUyQqbnfV1GsKpc9kgNMDcoD2Nc3In4%2BSL6u2oJmJ0FEfgewCjwI4owVmmxEq4fa&nv_mid=82354934812&cat_id=50000807
16,https://cr2.shopping.naver.com/adcr.nhn?x=%2FhXu%2BGOJHuxdBdRHO%2B%2BpNP%2F%2F%2Fw%3D%3DsZi5XWuY6dyYnRnkBWwOAaOSU3n5wP%2BgT25diHy36VIMfwVMdkc%2FoVG9ZHWlN79DrFpY6JxDGRa47SdxfaERPJzPJfokYKqn0mLXR%2BYCc%2FPsjWzKOrpsibWy8jzf6cWcfP14fN9k0fh%2BDC9UTx4i7qiQ6yRPz0Bok6MuLLO%2Fx%2FZCHzHdxMrrZiXtnNsIzTxgAcnCR%2BXsW%2Bvh0PRuN%2BmMCain5L%2BZvsS5MC10waQo9XYCpei8o85zv7B9D37qqN1%2B%2BfOJL93eaXr53ufr%2FnRJ7cwX4Y2199gcDtbO7VfdoT6W5KQs8bzf%2FmLRG%2Bv%2BaJCqPFoN5ihrsuiWdxvRuiUZ90F%2F6EvpWal94cPBR1usu%2FegpPymWUjJ2GG1RV9wQ3lA887jaMVgx6Cssm%2FJLtsbGaGCXrSfOBT1kSCoSy7xDY7pXSVyn3IBHo%2B7McNpdyB%2FTOKrY4h%2BuzebtKoO3ZbMBAeewfZ4CKV7Dyc1xaEud3yoWHSsZvj2FX08yAcwe%2BNBwyyu6R8vp8BKcvJOqOhTSjRQYWdFwoYUtEZ4tpWKi3q5qkhcW3nz0kGDB5b0dDaoEkbUAZSETNUxZsR68RnPUd7xYiDnW8j8qrHRXL9diU4t9oQxQFsPxEA9zsvDeEXzn6XLByH%2FAvmAvrz%2FK6r3yuoTa2ZSJyce1pAAlOO%2FF6WqXpOUXQZVQN%2BKCV1WhCxrM&nv_mid=82347459742&cat_id=50000807
17,https://cr2.shopping.naver.com/adcr.nhn?x=jUTwPpST%2FvFfKTyHsklnof%2F%2F%2Fw%3D%3DsBRyUwVK9wOmvicOFXVkZrAe0nbU6ChgOB%2Bt%2BUGOuMmy11X8wH3Te9O2Eg3T%2BmqD35ybmdMhkY1b7Yx70ThDS8jPJfokYKqn0mLXR%2BYCc%2FPsjWzKOrpsibWy8jzf6cWcfP14fN9k0fh%2BDC9UTx4i7qiQ6yRPz0Bok6MuLLO%2Fx%2FZDf4yCkuJwf3cI8srNAucUr%2F5%2FxNca%2FoKuxXiRZWKHp%2Fin5L%2BZvsS5MC10waQo9XYCpei8o85zv7B9D37qqN1%2B%2BfOJL93eaXr53ufr%2FnRJ7cwX4Y2199gcDtbO7VfdoT6XOjgA9gFar3wD0o2%2BSACD5S33wYtMcxzQbY9Vj6kpeSweGzu05vshy3fntmIljNNXIPhpxsmohHEXKpUq8%2B2LnRd4DFF%2F3Pw3kWvsusi47Syx9qJrh9UfmMcepvXgQw7cO8gABEJ0ND8Ya%2F3E9JobMJ%2BS16IbAvs3DR43YIZ7xsiiBCq1QR%2FvMf4NbYfHrs7P8oCasxGqapcBtNNGTXIjbMV1ftjPhd%2BF%2FvKwuhjWoEol020CCZISsRLptOOCrLINMZ%2F1j5%2BdDIuNCdf0YVB%2FmB5hJRId9tU%2B%2FVC2u4RTNrNqJoRVLsD6%2F%2FscY2E2aXpdJYFju1Fm%2Fvv6dmV4mg4H84vmIBRtbfxKnFazmDSOSLrjYOZXcCAl%2FHVBC6Zxex%2F6bVktbD4XnHxYf4ABq9Bam&nv_mid=82372769685&cat_id=50000807
18,https://cr2.shopping.naver.com/adcr.nhn?x=v7fVPw9fsM36%2BiBlvDRO0v%2F%2F%2Fw%3D%3DsgR%2BksBbiJjDATmVtXluFrvwKv6Hh8leYAokNy1q7m2FuBWt1iCnlpUwg%2FhJ%2FRVsJCxJaOAYWcMMOYiFGXPP6y8LBoHR87kuveiCCVhKt%2FWlkDU8SZA%2FQlIRztlGE0g30t8GwiNr2u50NfBoE4uPPBmjqzAI07v9t28ej8vJLVXm4MGI3q35BLZBdPjBnsu618ookcooJw5jbjhLLGNeg%2FX%2BnkuUurV6qaKA4VzUpX4CGJRQHX9ThbHrbD0wiAZwLlr2MJibGuG71Ivr98%2FRFYS3cDQosRlq2vuVtmOyZFRFHhi9aZIFuIE2XZ08UGfMD7tk7c5k0Z62gyjCj1OBzjV%2F6EvpWal94cPBR1usu%2FehAe5BhfzOA3luS5lxqG5%2Fq87jaMVgx6Cssm%2FJLtsbGaDGSXUtrVQVTdNaHKAJAydaO88mfNOJZz%2FZ3a%2B16knQ7q0ItTB111NbUuouo1qf1kNqJclZ352uOjV7tJDmM99TeD86GQ%2FgSRNz5IfRV7f0W10FqEbKtyfZKGfrfs39xEv7Z9Y6nhGDwA%2B0imbcp9RoqYiUQS7xyBIm0ExekKigEUs468w6tnXcPM7v0jbEjnPWhiYrJUzToVnFxaIuwKBtgLvU0sG6n92kGwSp1PVsIYkgSxCapMRExjZfMgantyxOA55mYLOllybdHc1FpoL1lZmyg6%2BSv8TVS2X6MZJ8y&nv_mid=82390470408&cat_id=50000807
19,https://cr2.shopping.naver.com/adcr.nhn?x=MCIAOBL5lc9paxaj%2FAW1d%2F%2F%2F%2Fw%3D%3DsddBs8x0Km2Q7n3Tlpmz%2FQQfKCUK%2B3vMNzATHE2695SU6k2WJFYi5a7HeT%2B9NYn%2BFgq%2BK7JzvMpp5FGZL9zEjkzPJfokYKqn0mLXR%2BYCc%2FPsjWzKOrpsibWy8jzf6cWcfP14fN9k0fh%2BDC9UTx4i7qiQ6yRPz0Bok6MuLLO%2Fx%2FZA2mu7LCxev%2Bc09XwWy9Ms91BdzIboWMSCVmq9nZM9i5Cn5L%2BZvsS5MC10waQo9XYCpei8o85zv7B9D37qqN1%2B%2BfOJL93eaXr53ufr%2FnRJ7cwX4Y2199gcDtbO7VfdoT6W15ceMd71J27zBjBVpmQEu3Wwu9sqN3epZzZqdbK3%2FVF%2F6EvpWal94cPBR1usu%2FejansHpkVYDZMQOUrOI43Sv87jaMVgx6Cssm%2FJLtsbGaLntJ%2Fl%2FYhWL6FTbikAgni%2FxYxKYOY7iJWVsAUmoBEPpRk2s8hAOmO3lfw3pLUU%2Fi3ECFfQvYk%2FNO3tXbRWu5k0eLVxBMmBEYUd2T6SMwRX2Fh0rGb49hV9PMgHMHvjQcIb%2FDzJlU9b2WX%2BASqwsAcoUGFnRcKGFLRGeLaViot6uZsYmcoAQC9xpLqRbldtD%2BeTa9KjTV2XME5uD3zb%2BsZR7PMGoKHPSvtdiDlqQxDO%2B2af1xTvaci%2FhtOL91nLhL%2Blywch%2FwL5gL68%2Fyuq98rpLbo7YGbIlN84GuPCoJIlxl6TlF0GVUDfigldVoQsazA%3D%3D&nv_mid=82390859656&cat_id=50000807
20,https://cr2.shopping.naver.com/adcr.nhn?x=7UzVX0ArDmBeO2HwURggUf%2F%2F%2Fw%3D%3DsqN5jl%2B9r61q%2FHcnh5bd8Usp8losFmS65e2PCCWOONk8KaoKY5udcdbc8Qk7%2FOE8ku3koMKJqBMfG2WFE2wUDmIui25k%2BvYxvXbQHprTEoKaGhee%2BELRp%2BHGrrI53ezlsW2jKVTpX%2B0B5J0g56Anp8IFGzCor7ZkwnY%2FyNXpc1Nl%2B4bafczytwTfuMs25h0bC3URZYmzuq5O0p59FiQDuJszkB8UHJ5dZ4ts%2F7kKgMaRjOcsEzW75A1KuNN29x65jr9UKO3zNyf3v1YZ4%2BSY0Hj70eUtzBzAvuV%2FSEH06pBqPKwNtgLeGQwUhayjJ3yncGvIY%2B7jUv9GkI%2FyCpvj%2B3XMGUelY0TTx7TgKTNQ%2FbMaFYtKKRLwM1gU1re2n7PgTv1RALbplS1ufDYaWbpUTsR1vKYUkOTThnkKFP2UTCTFweg3SKxcWrLLnRVuSZOFf59e%2BJpbL3r6i4jJ79puNYvUoM%2BGTmes1T3n3%2BWxmptfWHcsIGbuYWJJJPRdhhiqR61lnt%2B%2F7yiSKcdQ7ZLKfNR6p8N19TlKndV3GAY2Sbg%2B5cdX04JjjaqoZQLCX1c6qZuzFAdBik5qMCNwZMcOw9ywA%2BsHRYxGd%2FJQ9uANzTxkuXT4RmD0bDhEw%2FbwRgAvzNUyQqbnfV1GsKpc9kgNMDYApkdGmBBiPxrsHUKI7u31gYDOsZrSs9aWHXQBwVABn&nv_mid=82369161291&cat_id=50000807
21,https://cr2.shopping.naver.com/adcr.nhn?x=UznuXBV6LN%2BaR2%2Fqfc73N%2F%2F%2F%2Fw%3D%3DsW3MBof0Kb6bKcRu1KgWlbyLpm8y2rhqIAHE%2FVULbxB1agXkP80Mu26Dt2rFcKmIRzE7dk69N%2BaicgR5zMvIgX5BGtKo4Y80WNttGX7TdnE1qmBHGTwD6ADh3v7jJOxr9obm40a3AfVHNV15D72g8jm26YI%2FkcEfVeLDnwysTo3Mz6gHdnCnifCH8BrjIbXbCft052gVmLbafRGUqMIBXltWN%2FchhV1d04LIGrXJUbzg427ngu9Ku5Ti5fmyIKbcNfm5IA8mkaCGulhqR4WtRHgqriCN0ISFptWl2t2rZh7DY7vouZT3lxx0D57GoFblxfHLjTRStyiBiKEZ6XaxfcZEDNL%2BnvgScS0unrChWWQMYKtxuLz3wXTWYBNjXDGGsXkoV9GQDqHe5lqdyVNRR0DYIMCjgt%2Ft4Jsx2JFkHwU0JF2V6MpcWa0BEyMca29DVZhfGK%2BopIWyqz4jXUnvbJnkM8m1Hn53oz6pMWLv%2BbwDxgrbpMVGLvA4znoVD90Jtz6VINyj9YUk1BF8ro8LnIlWh5Uc3TNrEdfteokHZt0I6U%2BZ%2BGLuR%2Fne8pXhDJLWleUxs2DaYZBGj9hbZUWkdwHhcXneyO9gVHhyoR%2FAJT61xGEEMLrEOUutDYYUYIemqYkgSxCapMRExjZfMganty%2FOJRxLD4PXWCwOBNXPnydZmkPVg21BdgvVHgSxBDZzv&nv_mid=82357861914&cat_id=50000807
22,https://cr2.shopping.naver.com/adcr.nhn?x=IwlloicQojmLo%2B%2Fwj%2F3cHP%2F%2F%2Fw%3D%3DsLQfFJkGf4AQ4wMesrXtbnXjHtA5MsZYy%2FxbpnB%2FVGJZhruMYMbLFjucgVFsTTnBIT8yZ9U5dv%2Ba5XLNyFbowVjWujFGOWTA83deORn3JHcBoxNIFQGRaD16lHExvaZPl9DkSdMMHZTed4yrJke9hsF5BWcvuZaOzglhOCDGahMvnu%2B2tDIctTSFLyMC12n0WgxgkSFF1s4Wt4Bed8BmeFeFJNQgc8%2Br1kjs7PUqKA5llcn%2BHxHiMKYtViUf%2Bf6UX%2BNW9U730MjWu4XIlvq9yYWWYkHDWI15lHgDJLrSaQu0vI2SjOaEe5qCni04yNsYf3g245uOp1RBjhzJ9%2FJHUWDzJVpeGMb5fPVWT34jhbycTTOKeZOsrn2ja%2BsuqMQVDVDfqsq0hjjJ8bYzSf2ZM7t7ifLEoVNsG462iPp9vIpUkA%2FNN6EuvYM9QXq3piKIo1dfrPDgF17kC%2BRHE5MDESw%2B5IccTnbAGIDZXQk6v8dZ%2BMTm9A07wDjlNrg47HozJtb9kKG2CP%2Fx%2BNiVcZbc3kgJy234AZSSi%2B0coK2KwJH%2BDwaX9BpegYtJbeVLuxpk9r7vxmfKKC69WhbN%2F%2F4PkK6GpEs%2FhJH0jlRd2FDgcULIClIsHu%2BGQyvMbvXHFfeBb4KELasGIt09CbPiTflDW1JKqCJdxHcQKyMfWl%2BsQNi43X5JHRxB17kdSSeS1uCOn&nv_mid=82384420401&cat_id=50000807
23,https://cr2.shopping.naver.com/adcr.nhn?x=IJsav%2FiIxTw8GKJydQkc3v%2F%2F%2Fw%3D%3Ds9Pj4JChkqK6V7Heen57%2FtGjCzX39ULwgf3UelibIXoUR6jh%2Fh004fabT8Svxg0T4XRnLWzo1J%2Fxne4QjjDxS9DWujFGOWTA83deORn3JHcBoxNIFQGRaD16lHExvaZPl9DkSdMMHZTed4yrJke9hsF5BWcvuZaOzglhOCDGahMv8vnKaMcGvwclrjlaiM034f9eRPpdMHDMY2xtAh2ydneFJNQgc8%2Br1kjs7PUqKA5llcn%2BHxHiMKYtViUf%2Bf6UX%2BNW9U730MjWu4XIlvq9yYWWYkHDWI15lHgDJLrSaQu1GbKFQUZ5fR316tPy7LAcTjtdYt3S85SRh4ragbIiWuzzJVpeGMb5fPVWT34jhbycV5qxkp4yQh7vH8fn8peieVRgpRs169vcfKV7ji1yospSVlFrAlvlJBkTrZztmeQKza74YhA3PWP90tlsH9Tc50PPVq43F%2B7F7xljTpC9JcvlRUntW%2BXm%2BQMmVtzL9lc0WHSsZvj2FX08yAcwe%2BNBwdfm3RVqznF5ouXjJ3U5kjRQYWdFwoYUtEZ4tpWKi3q6vItRSoOVcFgmKDC64oQyyJY%2Bu3vkEs0QaZJEFGb9Id3PnswAOgH2lmHqVlxtRzlWH2k7HS%2BGVjztX%2F%2BOFhjoT9lVumpEdeWB%2FYg1KiXwa%2FJj0L2MGlAejjttGHlJIw2nCfj9aOjZPjKJZl1SC2NTF&nv_mid=80429831332&cat_id=50000807
24,https://cr2.shopping.naver.com/adcr.nhn?x=mAWUZy3PF6zqN9HOlELj2P%2F%2F%2Fw%3D%3Dsy1myFsYkPvsbvgnaRqGuOus9bH%2BVF%2FBDHfWPR5vSSjnfQRGiv3lhnBcwt5OwQewEETcv5cNOTcU0et6gB8ccXjWujFGOWTA83deORn3JHcBoxNIFQGRaD16lHExvaZPl9DkSdMMHZTed4yrJke9hsF5BWcvuZaOzglhOCDGahMt8h2RXVLo3l9iJ40NytMeuvk7hT3WKm6aJVIX29Tm9rOFJNQgc8%2Br1kjs7PUqKA5llcn%2BHxHiMKYtViUf%2Bf6UX%2BNW9U730MjWu4XIlvq9yYWWYkHDWI15lHgDJLrSaQu3S21aB%2FSHUXR0%2FCr1hB7Wd%2Fl1fdGsxTlV50H%2FL9g%2FaKjzJVpeGMb5fPVWT34jhbyfTUoQa%2BX0BHPpBBGIAwotTVDfqsq0hjjJ8bYzSf2ZM7tuvXK2FfZJ%2BCH7ZW8a5rvUUfVKfCorPahW3XBSRT7wm5ThFD3btBcW%2BgFaFU97vnJFuCY9ck1Dyyiv81dI4GlfxgrbpMVGLvA4znoVD90JtfSaK2m7%2BxVU4yBhv3bPFHczjSHEYDlK9emPTh77YsHRovyBc9%2Bmw44%2Bit8tJ35UyqLRHgewp%2BEJ0KL4qb5IMKtXKK7b%2BNYaHjFka79aTLT8UR78NP0SDj0Mk%2BYZhrdWQYkgSxCapMRExjZfMgantyxKFHnWgyGD2xZ%2BaiYONZsFmkPVg21BdgvVHgSxBDZzv&nv_mid=82356263043&cat_id=50000807
25,https://cr2.shopping.naver.com/adcr.nhn?x=gUGHkRtGbOzQPcs2lq0S5f%2F%2F%2Fw%3D%3DsHGq99B6zdqXuiNxa8qOaVPNl2v1StIozf9J%2F7lcCU3WM9StqUBEhDDSJ7svAjoOxMB81wR22rCI6kQ%2FVp8lcfjWujFGOWTA83deORn3JHcBoxNIFQGRaD16lHExvaZPl9DkSdMMHZTed4yrJke9hsF5BWcvuZaOzglhOCDGahMsMlh8pFjAsWwhr4bAfWgrXwl%2BsNwsKqsnF%2BhPAM58siuFJNQgc8%2Br1kjs7PUqKA5llcn%2BHxHiMKYtViUf%2Bf6UX%2BNW9U730MjWu4XIlvq9yYWWYkHDWI15lHgDJLrSaQu3DULYp3bQ%2FLr3VG2zPEXIhrGpaaj17miAnRULvpHsl93MGUelY0TTx7TgKTNQ%2FbMYcqR%2BohmRyWSak17qcUcBEQlIPJScKjKer2Iuq2EuhJZaZhSOVmkWByJkV2A3lO4ybTx%2BXKTRXRPS9BqZ3yUIURWp2yTD89ds8bLE%2FR6IA1lMqVRGWx1PAqPkZVtlYrva%2FV3%2FkhIroNjSVCqPzSdymjMZowgP0l3eOZEM5GrAYs%2FAsSFvdUZ%2BUfGfJphO7yRmJZd7W8V71PETUQOj8iA03i4OctVi0TwKXE%2BnfvQi36qK0OMA7mlH4i2zJOLzypGOxqG9hJzJfqPunopU9KgF5IDdWuDGQsPRQ4J502ytJDw%3D%3D&nv_mid=82372577025&cat_id=50000807
26,https://cr2.shopping.naver.com/adcr.nhn?x=wzLQ4hUtwPdWsoWsg5IF0%2F%2F%2F%2Fw%3D%3Ds%2Bx2hfdskioEQXboON%2BOAXb5%2FHQCVWdFxjTWOvBUtf6o%2BHsCZGvn8J9jVJzdqxgnfSBfT7xcdjLMdksN%2F4llEvoui25k%2BvYxvXbQHprTEoKaGhee%2BELRp%2BHGrrI53ezlsW2jKVTpX%2B0B5J0g56Anp8IFGzCor7ZkwnY%2FyNXpc1Nl3XARFzHctdwGgvp0DxljxO7PWT0aXmIF%2BWieaejjbxczkB8UHJ5dZ4ts%2F7kKgMaRjOcsEzW75A1KuNN29x65jr9UKO3zNyf3v1YZ4%2BSY0Hj70eUtzBzAvuV%2FSEH06pBrVB8uW4Dt1BM%2FJ%2BstE%2B%2F7puY2ZOIGXug2DnqizX2hXrnMGUelY0TTx7TgKTNQ%2FbMbOP3L4UUEt1enxOMVfRD9iPlxQH7UaL%2FuXfhLuJbvFaR3h9aC0tSYRisolnAzpcYGMwDQYf2Mtdz3IWXYH5yvcKf%2BaA%2Fl2SFaBlToJ9Di6NyzBFQr62pLRwtwWk0pGQWZCSrgHGA2U%2BO4uaiAgAe1w29z1qBmIuApoho0tH10BBnyh2fznjsSuP9i7aaM9INvT8BBQq3a1AsFBJdYrBaIRLL9YyGyyNZmmJ%2BqkEzKV31d6BlW2WddwW4b7la1l%2Baurh%2F2t7EvoqOn5OroMq%2F2aNUyQqbnfV1GsKpc9kgNMDV8LQ8KrcuMb6NsPo3YEpmHyHmY60xjbspOW31KsnWJJ&nv_mid=82364087293&cat_id=50000807
27,https://cr2.shopping.naver.com/adcr.nhn?x=25rH2sHwu6g%2Bh2mdSvq%2FOv%2F%2F%2Fw%3D%3Ds6RCB82YkNlb5741HItDTObMa3d3pvTW9R5o%2FFjImoA9SxXakg2vA0qcbRViwAoYOc9I2lx%2B5F5rvWkxhfwJdgsLBoHR87kuveiCCVhKt%2FWlkDU8SZA%2FQlIRztlGE0g30t8GwiNr2u50NfBoE4uPPBmjqzAI07v9t28ej8vJLVXlKuh6FGDwqHvE0ux3J1%2Bbn1s5CH8NOfSwoUWBcIgmvIX%2BnkuUurV6qaKA4VzUpX4CGJRQHX9ThbHrbD0wiAZwLlr2MJibGuG71Ivr98%2FRFYS3cDQosRlq2vuVtmOyZFRFyutBhYuE4YnGGYZa7%2FhmRKKrCZU0vCGpPxR9b0hw3zQeGzu05vshy3fntmIljNNVXu3r9Yu23ABDGDQQNRjgcRd4DFF%2F3Pw3kWvsusi47S8%2FZYddkqpCEApgo%2BDdD2comYsSPW5%2FIqyH6d38S7Wu2hw2LckXjkBy9fXcmQLJkSmIahaNKZAv5RN6tIBOP3x%2BGPv2KiwHorDmlfYLCMQ3NUobP9rcDIjZVmYRoPgAHkJbr4X8RCIQwReWGtOgttEH1OG%2FMRE4bIbXuseyHV5PI7ovPM6ZiVenNFs3lVvbrQ6q0URRLTOlfW9SrRVf6S6xfeKqkNUasea5ijy6V%2Bzcu2ITVTPjXXnNYcbYGAWdx0i5YVSQfCim4uok6QMNi5S6XpOUXQZVQN%2BKCV1WhCxrM&nv_mid=82414197794&cat_id=50000807
28,https://cr2.shopping.naver.com/adcr.nhn?x=5FxwLRjnbYyT3hn4e5uF6%2F%2F%2F%2Fw%3D%3DsiN%2BEm0RjBtng5tYzutetsFgeqEtaGvSUHmuNK7%2F%2Byf9Z3dr6j31eOgD1kMp0F6sFRbD8YajmbU93GiFaixsnecLBoHR87kuveiCCVhKt%2FWlkDU8SZA%2FQlIRztlGE0g30t8GwiNr2u50NfBoE4uPPBmjqzAI07v9t28ej8vJLVXk9%2FyVEAAFOlNe9pz1e7NoxjSJvgMU7N8lODNaGVKJcPH%2BnkuUurV6qaKA4VzUpX4CGJRQHX9ThbHrbD0wiAZwLlr2MJibGuG71Ivr98%2FRFYS3cDQosRlq2vuVtmOyZFRGgz8f%2FJVQtLDFS7VE2p%2F0w3Wwu9sqN3epZzZqdbK3%2FVF%2F6EvpWal94cPBR1usu%2FeiNuBnGSFLrrCLf9NQebR8u87jaMVgx6Cssm%2FJLtsbGaLntJ%2Fl%2FYhWL6FTbikAgni8TuqofNzbmLIGSyLxAOwO02gPieJS9ZdWr9Rlw5eRgOWqxx2wdyWydVja5C%2BqK00gf71BnJRGCiRLWOcZvHb3FLsztTMBmzZmm3xRBRttwOePwlow8IPYriOfFptX0sjleYWH%2BdBPNec8%2BUQKjtLtmbr7g0LNHil5fhpG8aPXq3Fk25wKlSSUJ8GU2ACvAE17HHbVmTEGnlOAGlcXRLEAPstcHOH36ErQJDArp37zG2zqNI3RChJUeHI73pYPiUMteHwAVO804e63s625mee3FfKsX%2FuAQoUzq5bDmYCogqQ%3D%3D&nv_mid=82361555235&cat_id=50000807
29,https://cr2.shopping.naver.com/adcr.nhn?x=TDtID6zpl5gF1NRe8mKCvf%2F%2F%2Fw%3D%3DsHtUjdCZVBR3eX4uwlaWLGPIFP2Vf6K2IB8KkL2Owr89LF%2F5DMMO5YD5v%2FWTdOBQ6Q2J98ezk%2BZhotzhQPXoefoui25k%2BvYxvXbQHprTEoKaGhee%2BELRp%2BHGrrI53ezlsW2jKVTpX%2B0B5J0g56Anp8IFGzCor7ZkwnY%2FyNXpc1NkLQGQTVqQdZBdtHzlaC1NUwaF63ZV1naWudDWNZaUdMczkB8UHJ5dZ4ts%2F7kKgMaRjOcsEzW75A1KuNN29x65jr9UKO3zNyf3v1YZ4%2BSY0Hj70eUtzBzAvuV%2FSEH06pBrL%2Bh4TnyHUCMpR4epFtS%2FTncJgZRcoVk120uRFemjF%2FXMGUelY0TTx7TgKTNQ%2FbMbb1jvgc2HfVtUY%2BfWpN9msOQ1KUZ0pMR146SbTpA5S2TcYZNmbqLi%2BjxVHfl3EctU6W99utU1aAUBGBt%2Ft%2FQN9laZwPZKn48xHsOjdpxWr6YKRRauHaPCmKBBGdned4xSdr7rWSWLR4Zo%2BIbfkPAbJbhoto1WsgDwTpBzSRkabAxyyn%2BiS%2Bo%2F1lINOQ%2BAkkLSLowUzJBm%2BhLyEKwFd5%2BDPvtjGlhC%2F8Ik7HfC%2BbDvw7lBfGX6fVVtBY%2Bv0gF6iDTaDAalJo60Rb2aNf89NuR3L0M1rP%2F1dSLHPE8NWnpr%2FyZj%2BxWx0GAC18JrjxCKkNm3sQ46OK%2FhgDM5Zu%2BkjEVBWQiRvkDu%2BWbyjsdE6PbXfNmmfCWvLwX0syYuoBEhLDSxmkPVg21BdgvVHgSxBDZzv&nv_mid=82343845470&cat_id=50000807
30,https://cr2.shopping.naver.com/adcr.nhn?x=7qSokgT3P0c4tBr4ufA1Yf%2F%2F%2Fw%3D%3DsDky5gDg%2BL2xvv%2FtQk4KtglKMZqrrokEl0vbk8m0MRoHe46zejrkshNGI%2BVZzCv1b3s2XhQVh0dfHXZLIDP8d8jPJfokYKqn0mLXR%2BYCc%2FPsjWzKOrpsibWy8jzf6cWcfP14fN9k0fh%2BDC9UTx4i7qiQ6yRPz0Bok6MuLLO%2Fx%2FZA5UEMRnBZ%2FgISpEpIl2QLkxKBy5I9eGSiriVlDvczshyn5L%2BZvsS5MC10waQo9XYCpei8o85zv7B9D37qqN1%2B%2BfOJL93eaXr53ufr%2FnRJ7cwX4Y2199gcDtbO7VfdoT6VTxB3YCdZDhD6CwvpwVxCU26KNdzdh9pDInPlsYd96O1%2F6EvpWal94cPBR1usu%2Fei1ihqyKTMbzYLo17EsJ7au87jaMVgx6Cssm%2FJLtsbGaGxzAJU0Brr2TWnUrfsKaMkgnGQWRqy8tAJ3SKJ7lw%2F%2BAcF29Ec8S5XzkF%2Bsurtnwlucx1f7x8dso2SvtHqQ%2Fq%2BfERs1pk9bW94dyQN51pXs%2B1nmv01XsX1nDE9bn5Ng7ndqR7sou8YgkgIppANSEyv%2FFmtO7dodfm9%2FfSkaAy22C2%2FYJ%2BEpqiI7j8eQXxm2T0nAADXNcnzDw4qETYZHYHHb3eYimAOUUcwWN%2BSwN7xTOo0jdEKElR4cjvelg%2BJQy%2Bx2XQL4z7ZvJU58r%2B7eDDr6JUuVeH%2FZQXKhnW%2BQ%2Bh3M&nv_mid=82245351602&cat_id=50000807
31,https://cr2.shopping.naver.com/adcr.nhn?x=j45lKfQeWGbRBwCxsk9mEv%2F%2F%2Fw%3D%3Ds8hkg6yGQpLDKxoYWuYQvzXi4SHbLJFd5pLE0GRL6jopc8BK1KrJI1m6r0L4SuSvRG%2BO6Ta%2FdG7%2FnuErpWq7CFcLBoHR87kuveiCCVhKt%2FWlkDU8SZA%2FQlIRztlGE0g30t8GwiNr2u50NfBoE4uPPBmjqzAI07v9t28ej8vJLVXmnZwFiTyFUevKb65I2HA0kZd%2Bl7T3ErrC7narde179pn%2BnkuUurV6qaKA4VzUpX4CGJRQHX9ThbHrbD0wiAZwLlr2MJibGuG71Ivr98%2FRFYS3cDQosRlq2vuVtmOyZFRGEvwU50sVlIHwpR0e7d9kyAyKPCwsD1Uv%2BTsY4DYDYqF%2F6EvpWal94cPBR1usu%2FegoXhjahhu%2FY1cNuw0s1RBU87jaMVgx6Cssm%2FJLtsbGaFNcgmS%2Bcnilz9JvsB2SyRqKB6NVz2caG8CQ5GfGB4XxEx08%2BH3Tosb%2FRawr%2B3JXvES3Ut18dyYEVQlbp4AQam%2FDmLQUu4vn3WofyUV9IcFS8mXEexW%2Fc6NlFkfc1sqBS%2F13Xf3sCVPegmoY1lQWXLWW2GG6U%2B01f%2BXJbD0llObfl68ltuh6tQOCvoQ0eiF5yfA612vldVswV8TW%2BftBkoU01RCw5WjDOF6gek0NxEKAJ%2F6D67beuJO3xUIJoPcZzmJIEsQmqTERMY2XzIGp7cuqy3p89JONbH4JGQHPiUDnZpD1YNtQXYL1R4EsQQ2c7w%3D%3D&nv_mid=82410186853&cat_id=50000807
32,https://cr2.shopping.naver.com/adcr.nhn?x=kJUckxVwVEg009LQRZyOWv%2F%2F%2Fw%3D%3DsILS53Cc%2B5mMz1TGLtA%2FDQ3bQb6E1Cw9%2Fr5QyeVGUQ9jmGGGNldEtFVkN07EORBkNhHCMIqlm%2FF8FQL2tp3lJ4zPJfokYKqn0mLXR%2BYCc%2FPsjWzKOrpsibWy8jzf6cWcfP14fN9k0fh%2BDC9UTx4i7qiQ6yRPz0Bok6MuLLO%2Fx%2FZCQ9INXFi8Cs6J4hn08IC3xdE6tF1MS39poESDKmw2ZTin5L%2BZvsS5MC10waQo9XYCpei8o85zv7B9D37qqN1%2B%2BfOJL93eaXr53ufr%2FnRJ7cwX4Y2199gcDtbO7VfdoT6VShX0Y8tGSrWzpkeSZgKxdhvPi4bq0qYvz37UoaLkPF1%2F6EvpWal94cPBR1usu%2FejNJcTHgwnxTNuOR4%2B38Mzg87jaMVgx6Cssm%2FJLtsbGaHzUXv6P3jyQQa6ndXeKezS8JT619%2BH2cXXOwBv1nvDDW4rwavD6ZAWZ08786ssxW9d4q1yA4NDBxpzBI16FmM0tTeO5%2FMule1kv3bexS1VMfP33gnQmh8clHQ%2BMdmjqaSHhKoH3GzEJI6jIbSQslCHn5aSW3LqWeMY1dWZPzo4l%2B46XKkLZwSS%2BDvaNuLLHGuaTcXozzx6NPWwfkyujXm7ol9wKFi3J%2F4%2BlVmTZ%2BHi10iH79J43YeEabNbRMhERTYBnqiOj1kZz%2B%2BSwMrvW0Jo%3D&nv_mid=82404866405&cat_id=50000807
33,https://cr2.shopping.naver.com/adcr.nhn?x=QcDSkAc96OvvBHI32pEPwP%2F%2F%2Fw%3D%3Ds02j8cOAVD7uYDT1B9w64Ix0O6l2eGBrErCbY4VRme2WQwO8mOO5EO63rI4lkdpzdwev79a%2FZ%2BCBnIY7GFhb854ui25k%2BvYxvXbQHprTEoKaGhee%2BELRp%2BHGrrI53ezlsW2jKVTpX%2B0B5J0g56Anp8IFGzCor7ZkwnY%2FyNXpc1NlsXPXtF0RfjwxQSnN0W6Ms8UM8OwTaWWYiKczot%2Fx4R8zkB8UHJ5dZ4ts%2F7kKgMaRjOcsEzW75A1KuNN29x65jr9UKO3zNyf3v1YZ4%2BSY0Hj70eUtzBzAvuV%2FSEH06pBpA1aAr4wvnP6YHv5IhylTj7PgF%2BmR%2BFuocL2JGyl4wiTzJVpeGMb5fPVWT34jhbyeBdejLdnZ8sXz96i44gWFwVDfqsq0hjjJ8bYzSf2ZM7gewPEGnfgN4AAgZEch7T91qh6jPOVAk%2FgV0IOAizYWZjk3yoEVfiJtN8EIseHH1op8RGzWmT1tb3h3JA3nWlez8iYodHAjwonhsYdSX1ehU0HYfzJznGSEoizNNAIPslqxc709QvFKkm%2FIVAmMXSVhlOena8KAEBBqz4SubrE%2BIUTRuneP9Xr94Yt%2BMaGKDfgEUqztNrYPFXDIE5uz8L3%2F2VW6akR15YH9iDUqJfBr8cCWi7qiQHdpTIw8LJatg6nErNbMEQhaY7J0n4EpFgvQ%3D&nv_mid=82420522192&cat_id=50000807
34,https://cr2.shopping.naver.com/adcr.nhn?x=8EpSHkRt9En%2BojB9dgU73%2F%2F%2F%2Fw%3D%3DsJkd5oCJ8YR%2FZDHbUckGaYFBi0CEEFwYoNXmOkKo9cCvNoRywqffrd69FB6CfhpbNUg0l5tkoaRYsCmNK87TwJIui25k%2BvYxvXbQHprTEoKaGhee%2BELRp%2BHGrrI53ezlsW2jKVTpX%2B0B5J0g56Anp8IFGzCor7ZkwnY%2FyNXpc1NnKO8aUJN%2Bo17AKGOz%2FVrSCzCCWXB8cMcmt1QvErRR2DMzkB8UHJ5dZ4ts%2F7kKgMaRjOcsEzW75A1KuNN29x65jr9UKO3zNyf3v1YZ4%2BSY0Hj70eUtzBzAvuV%2FSEH06pBqmEUjOifhpVptfi1sChPCGj9CUD0e2jfv9qRvKxl4GMzzJVpeGMb5fPVWT34jhbycpnJ4cjevLgXRELgcLMLRNVDfqsq0hjjJ8bYzSf2ZM7mgmgUttcrf8bF%2FE0Ua%2BmedJXgb2Wkt0olCvAVOn%2FpsF%2FlejKizmAI1LsTnrQ6%2Ffez2DMiY5wZeeRRN7rR4DS3MTTO4FDOkUrEfixbOstPVS8YK26TFRi7wOM56FQ%2FdCbYB1GfhE0ygmDS%2BUFTzYYHvdbRMVnCU3QuROmX3YcF9yRKijT1MK%2BMV6lFIGyeLv%2F6op0TTqg7r97Iw1toZxOkf1xTxz4lycq7Jw35vpoD3rodtnXdQtczlYqAHTMK5A4WJIEsQmqTERMY2XzIGp7cvO3CVY%2FkxiMCk%2FQK7w7juyZpD1YNtQXYL1R4EsQQ2c7w%3D%3D&nv_mid=82409817856&cat_id=50000807
35,https://cr2.shopping.naver.com/adcr.nhn?x=fspR4p5fY3bAyvk2Fe4tyP%2F%2F%2Fw%3D%3DsQa21z36r%2F2XMz2VGzW8Cl9P3MSTy33m%2BIVC6vowAugMuaixpgYvePNDFXZqnY3CLjFrrnMy7JcO1UGDaKVGQ0MLBoHR87kuveiCCVhKt%2FWlkDU8SZA%2FQlIRztlGE0g30t8GwiNr2u50NfBoE4uPPBmjqzAI07v9t28ej8vJLVXmoiTac0ZpoQPub9lVAcgttnrgJbMXJdR19RElq%2FCkOYn%2BnkuUurV6qaKA4VzUpX4CGJRQHX9ThbHrbD0wiAZwLlr2MJibGuG71Ivr98%2FRFYS3cDQosRlq2vuVtmOyZFRFgEtL0lIWGZalwkQxvjH6njpot4Z5SPaM2euqetNSLtF%2F6EvpWal94cPBR1usu%2FeggS6qNGmK6K8WwGwR6NhF387jaMVgx6Cssm%2FJLtsbGaKQvkuegRLwnyYrG1%2FwErq%2FXVM3tVIAOySP1kJVStewhZ4IKEvde2C4xe1hYucBZ6mRwkSpBFFOxC2%2BSs7OBHa1%2FkaS2sRU%2FMuW7ekuCsvkI1a4nDcmVxqYntF0O%2B%2FMcsCHhKoH3GzEJI6jIbSQslCHKYsPN2rEJKomoEruJGfuCNGlHBPlU%2B%2F18895WQaCxwuy1KpUJKCETGLhCBcFa%2Fx2mQv5C99%2F5OP%2BhkmqRhaZC372FFzT6mW6%2BTqy3oi9VJfDValoQIDpAUBVx4tDpaAI%3D&nv_mid=82398589376&cat_id=50000807
36,https://cr2.shopping.naver.com/adcr.nhn?x=ABYlgYOT9Fek%2FFFBEC%2F5%2F%2F%2F%2F%2Fw%3D%3Dsfvo7%2F9P9EfUw%2B7S0SldoQuDuXZ%2BXMdf6ZIdGRs35ZsdhS6BDAVIlilvKIKgaT%2Bw3nZwrKEJc7VOlEJ2il4%2FokTPJfokYKqn0mLXR%2BYCc%2FPsjWzKOrpsibWy8jzf6cWcfP14fN9k0fh%2BDC9UTx4i7qiQ6yRPz0Bok6MuLLO%2Fx%2FZCZ3IbGmth%2FGN9WEKyz9jlsOZCvjqL3G%2FYYIfkdH1D%2FLin5L%2BZvsS5MC10waQo9XYCpei8o85zv7B9D37qqN1%2B%2BfOJL93eaXr53ufr%2FnRJ7cwX4Y2199gcDtbO7VfdoT6WOWieH4VrrPw6xtaoUKQsSEFoUBGPUZ8ROmJq9R%2BH4ll%2F6EvpWal94cPBR1usu%2FegtNw3YBBF7Fu%2BUmrxOISI1VVH9z8PWf09i39AajXvEckxPQfZvbpDcXIXN8v7vHt9MAQAJa84t4L%2FgebeNJxPgM3QdfK63yWBKPTLlmwoP85UtPqx8oufErxJZ6Cfn%2BkWI%2BJaNckhfw%2FbCkHw%2F%2FrEG4yFOe6Za%2BR7ZYwF29VCq0B2O2w11JO94nDqUcbCCSEL%2FKyZZ40tewH%2BwvUZCiX2R1h3LCBm7mFiSST0XYYYqkTdaXvtwv9HiFD1cVtXjRu0eqfDdfU5Sp3VdxgGNkm4PjtDi6FlUWtSAK7GPtaMjVbCjeKIRiCXHiPq9a%2FQVzGtM3vkleuiJf9mGc5SL%2FdV6zAujfbnfF6Yj8n9FOUvoeDVMkKm531dRrCqXPZIDTA32dylPE4adp%2BGnlNcjz4gj9ZI9qsBXQ0xB7o%2BxAkF80A%3D%3D&nv_mid=80171305362&cat_id=50000807
37,https://cr2.shopping.naver.com/adcr.nhn?x=l2yTm3gZVjMfFhCWq%2BshBP%2F%2F%2Fw%3D%3Ds70ykWJCF33HbrveA9DDiBdw0czOKFnrfEeHQ0hT%2BnjCEVSHn8e4hZwkfCpFcuYcX1kyQCES7u2TsaNZ2jAvtJ8LBoHR87kuveiCCVhKt%2FWlkDU8SZA%2FQlIRztlGE0g30t8GwiNr2u50NfBoE4uPPBmjqzAI07v9t28ej8vJLVXmvO0MZgNF3sROE%2BBNVCRQ%2BzU9UdxBGntnbfJnTLfRwEn%2BnkuUurV6qaKA4VzUpX4CGJRQHX9ThbHrbD0wiAZwLlr2MJibGuG71Ivr98%2FRFYS3cDQosRlq2vuVtmOyZFREm99mf4NaW%2BqDQxBLKqw8XvTVvaZJzwR73ftIUJIKdrQeGzu05vshy3fntmIljNNUnMP%2FaTrkmuZhXZ2DSVhDdRd4DFF%2F3Pw3kWvsusi47S%2BbGudr5UTpo4XyISJ1UlA8W8oli%2BkzlyqABQuSPGGUc6X2cQRces6skZ7RaGBYwFXSf5HjtIGfFXtGQOJad1eEZcEq53EXrcPnnghrcacfWqfrkKrU0BCRvdvK%2F5KJXxQ291NLRyePcOC2SGHji%2FdxI1QJ59kg73a%2FofD3eiOjtSeEo1H1VfbFurG3%2F2Ba%2Fs7OYAVe2Rwa%2Bqpe0UwifAYY4L2Om65FfyczV7x2cLk2ZDTWfTSbOkeAEaX3XFqDwxXJ7Fsg4veLXxj8jHYF9d7rWmNfIJWIOO%2BdimN50QIXk&nv_mid=82396871470&cat_id=50000807
38,https://cr2.shopping.naver.com/adcr.nhn?x=cGcmyR1gJ%2B1BkZFuw%2F4jYf%2F%2F%2Fw%3D%3DsEcF16RmSlIYJe7d3H4cbuMs3JPUy9RsQzkhVr0Lmb1e79qboDI6hQ%2FI93HQspSWXFimq0FtwdoKtmAq2DWIKopBGtKo4Y80WNttGX7TdnE1qmBHGTwD6ADh3v7jJOxr9obm40a3AfVHNV15D72g8jm26YI%2FkcEfVeLDnwysTo3Pa8qbTWFJLBEL42GrCYFDbQxGgC9v3Yz8Blzk4XoYyhtWN%2FchhV1d04LIGrXJUbzg427ngu9Ku5Ti5fmyIKbcNfm5IA8mkaCGulhqR4WtRHgqriCN0ISFptWl2t2rZh7ArVDnmBD9pD8AqM7FubImMIt%2BzzBxSU94ocauQ7ubiCjhwcIRUVN%2BVIBK%2B5XkNtDL4B6IIOBMMbfNfcYyMlzbQaz1cyPIuAREktt%2FYkphTlnCHe5%2FOcCC6%2BDJVWDiFLYgZtbVXD0oUes%2FLhbXtg83kNL3vEKC5S%2FlfiAX09nyErymJbx7ZdU3jaYEzFMLeU9LyZcR7Fb9zo2UWR9zWyoFLt%2BTFeIs3huKSMuCz0k8MPHRXOQSaJq4c3NNTiVJaM5mQeC6GczguTxhf98UFuE5xWqDTSa1kBUbi2AEuBdy9xQxIKqy8aCe4EE3F4ymLmKghGO3Sre2L3Z3O1Bwkxug7oH6Kwlq1HQ9f3i%2F%2FJUpdd%2F66mSpDNG%2BuqUH0dFmGxExlZmyg6%2BSv8TVS2X6MZJ8y&nv_mid=82369137119&cat_id=50000807
39,https://cr2.shopping.naver.com/adcr.nhn?x=d2TQGVn6RZMNTJTur2s%2Bo%2F%2F%2F%2Fw%3D%3DsZCn%2Fzy5c%2FlTdvodPFSBJviRb7dxcRtY1TnicQkZmik9EBKuWYJLywXuvCzV09Bd2XhiKJOo%2FYRfMGZGJNHtMVTWujFGOWTA83deORn3JHcBoxNIFQGRaD16lHExvaZPl9DkSdMMHZTed4yrJke9hsF5BWcvuZaOzglhOCDGahMvl0hr9PFiIqcEl3v8IUw0dE6022VuvMQIkzzY9kxkaauFJNQgc8%2Br1kjs7PUqKA5llcn%2BHxHiMKYtViUf%2Bf6UX%2BNW9U730MjWu4XIlvq9yYWWYkHDWI15lHgDJLrSaQu0heFORHoFacir18fZ7LtCTF0ViT3ZnJZgBwFMzxSkKvjzJVpeGMb5fPVWT34jhbydoptAJH5nPbyEu9YbbmJXBVDfqsq0hjjJ8bYzSf2ZM7kVdgStNneMtFx0p3Zbq1dBbeXaYCRXW1XMS0cqoDWtaFHc2Syrl3XvveEqZthjJnx4Ca3dYh7WJflYtHV6%2FyBKS62OWipzay78jY%2FXUyFUHhj79iosB6Kw5pX2CwjENzfFrF9U2XFh4JZJ9W11RmZN38mxcjyUCXjlwM1lLYB4IM4MVIO320k4J8jwhFRggzuJC%2BrFQr7WTJN4b4eTjUdbgGb9hL%2FYHdlB39o6LxCDNSowIs%2B4WK110U%2Fpp%2FwU%2Fv6B%2BisJatR0PX94v%2FyVKXXfHC6KNPXPWD9oKdRVgWj0TZWZsoOvkr%2FE1Utl%2BjGSfMg%3D%3D&nv_mid=82366769092&cat_id=50000807
